{"cameraMode":{"drawMode":0,"name":"Shaded","section":"Shading Mode"},"sceneLighting":false,"audioPlay":false,"sceneViewState":{"m_AlwaysRefresh":false,"showFog":true,"showSkybox":false,"showFlares":true,"showImageEffects":true,"showParticleSystems":true,"showVisualEffectGraphs":true,"m_FxEnabled":true},"in2DMode":false,"pivot":{"x":0.10035596042871475,"y":0.05988486111164093,"z":0.42798686027526858},"rotation":{"x":-0.04075627028942108,"y":-0.04616464301943779,"z":0.001873090397566557,"w":-0.9981241226196289},"size":0.8660253882408142,"orthographic":false}