{"cameraMode":{"drawMode":0,"name":"Shaded","section":"Shading Mode"},"sceneLighting":false,"audioPlay":false,"sceneViewState":{"m_AlwaysRefresh":false,"showFog":false,"showSkybox":true,"showFlares":false,"showImageEffects":false,"showParticleSystems":false,"showVisualEffectGraphs":true,"m_FxEnabled":true},"in2DMode":false,"pivot":{"x":-9.935986518859864,"y":-21.754013061523439,"z":30.442934036254884},"rotation":{"x":0.5285428166389465,"y":0.0017940374091267586,"z":-0.00113264552783221,"w":0.8490415215492249},"size":41.23060607910156,"orthographic":false}