{"cameraMode":{"drawMode":0,"name":"Shaded","section":"Shading Mode"},"sceneLighting":false,"audioPlay":false,"sceneViewState":{"m_AlwaysRefresh":false,"showFog":false,"showSkybox":true,"showFlares":false,"showImageEffects":false,"showParticleSystems":false,"showVisualEffectGraphs":true,"m_FxEnabled":true},"in2DMode":false,"pivot":{"x":0.25364312529563906,"y":-2.2277679443359377,"z":0.8067264556884766},"rotation":{"x":0.3874496519565582,"y":-0.20073774456977845,"z":0.08686463534832001,"w":0.8955944776535034},"size":14.370034217834473,"orthographic":false}